{"x":[-3.2082303,9.346964],"y":[-0.6703765,2.3080103],"z":[9.423578,2.384625]}