{"x":[-9.471462,9.078813],"y":[-1.13964,-0.24899697],"z":[2.7006595,-2.1930888]}